status,error,name,numbers,player1_model,player2_model,player1_choice,player2_choice,game_result,full_responses
success,,player1_openai-gpt-4o-2024-08-06_player2_openai-gpt-4o-2024-08-06_0,"[64, 66, 6, 27, 30]",openai/gpt-4o-2024-08-06,openai/gpt-4o-2024-08-06,6,6,1,"[{'role': 'player1', 'full_response': '<choice>6</choice>', 'extracted_choice': 6}, {'role': 'player2', 'full_response': '<choice>6</choice>', 'extracted_choice': 6}]"
success,,player1_openai-gpt-4o-2024-08-06_player2_openai-gpt-4o-2024-08-06_1,"[17, 74, 100, 18, 49]",openai/gpt-4o-2024-08-06,openai/gpt-4o-2024-08-06,100,100,1,"[{'role': 'player1', 'full_response': '<choice>100</choice>', 'extracted_choice': 100}, {'role': 'player2', 'full_response': '<choice>100</choice>', 'extracted_choice': 100}]"
success,,player1_openai-gpt-4o-2024-08-06_player2_openai-gpt-4o-2024-08-06_2,"[27, 94, 75, 42, 10]",openai/gpt-4o-2024-08-06,openai/gpt-4o-2024-08-06,42,42,1,"[{'role': 'player1', 'full_response': '<choice>42</choice>', 'extracted_choice': 42}, {'role': 'player2', 'full_response': '<choice>42</choice>', 'extracted_choice': 42}]"
success,,player1_openai-gpt-4o-2024-08-06_player2_openai-gpt-4o-2024-08-06_3,"[76, 64, 94, 9, 75]",openai/gpt-4o-2024-08-06,openai/gpt-4o-2024-08-06,9,75,0,"[{'role': 'player1', 'full_response': '<choice>9</choice>', 'extracted_choice': 9}, {'role': 'player2', 'full_response': '<choice>75</choice>', 'extracted_choice': 75}]"
success,,player1_openai-gpt-4o-2024-08-06_player2_openai-gpt-4o-2024-08-06_4,"[18, 56, 38, 67, 39]",openai/gpt-4o-2024-08-06,openai/gpt-4o-2024-08-06,38,38,1,"[{'role': 'player1', 'full_response': '<choice>38</choice>', 'extracted_choice': 38}, {'role': 'player2', 'full_response': '<choice>38</choice>', 'extracted_choice': 38}]"
success,,player1_openai-gpt-4o-2024-08-06_player2_openai-gpt-4o-2024-08-06_5,"[76, 66, 86, 32, 94]",openai/gpt-4o-2024-08-06,openai/gpt-4o-2024-08-06,86,86,1,"[{'role': 'player1', 'full_response': '<choice>86</choice>', 'extracted_choice': 86}, {'role': 'player2', 'full_response': '<choice>86</choice>', 'extracted_choice': 86}]"
success,,player1_openai-gpt-4o-2024-08-06_player2_openai-gpt-4o-2024-08-06_6,"[80, 46, 13, 50, 7]",openai/gpt-4o-2024-08-06,openai/gpt-4o-2024-08-06,7,50,0,"[{'role': 'player1', 'full_response': '<choice>7</choice>', 'extracted_choice': 7}, {'role': 'player2', 'full_response': '<choice>50</choice>', 'extracted_choice': 50}]"
success,,player1_openai-gpt-4o-2024-08-06_player2_openai-gpt-4o-2024-08-06_7,"[50, 79, 78, 69, 96]",openai/gpt-4o-2024-08-06,openai/gpt-4o-2024-08-06,69,69,1,"[{'role': 'player1', 'full_response': '<choice>69</choice>', 'extracted_choice': 69}, {'role': 'player2', 'full_response': '<choice>69</choice>', 'extracted_choice': 69}]"
success,,player1_openai-gpt-4o-2024-08-06_player2_openai-gpt-4o-2024-08-06_8,"[85, 73, 26, 60, 23]",openai/gpt-4o-2024-08-06,openai/gpt-4o-2024-08-06,73,73,1,"[{'role': 'player1', 'full_response': '<choice>73</choice>', 'extracted_choice': 73}, {'role': 'player2', 'full_response': '<choice>73</choice>', 'extracted_choice': 73}]"
success,,player1_openai-gpt-4o-2024-08-06_player2_openai-gpt-4o-2024-08-06_9,"[53, 90, 80, 74, 41]",openai/gpt-4o-2024-08-06,openai/gpt-4o-2024-08-06,90,90,1,"[{'role': 'player1', 'full_response': '<choice>90</choice>', 'extracted_choice': 90}, {'role': 'player2', 'full_response': '<choice>90</choice>', 'extracted_choice': 90}]"
success,,player1_openai-gpt-4o-2024-08-06_player2_openai-gpt-4o-2024-08-06_10,"[98, 87, 83, 25, 5]",openai/gpt-4o-2024-08-06,openai/gpt-4o-2024-08-06,5,5,1,"[{'role': 'player1', 'full_response': '<choice>5</choice>', 'extracted_choice': 5}, {'role': 'player2', 'full_response': '<choice>5</choice>', 'extracted_choice': 5}]"
success,,player1_openai-gpt-4o-2024-08-06_player2_openai-gpt-4o-2024-08-06_11,"[13, 72, 55, 80, 12]",openai/gpt-4o-2024-08-06,openai/gpt-4o-2024-08-06,13,55,0,"[{'role': 'player1', 'full_response': '<choice>13</choice>', 'extracted_choice': 13}, {'role': 'player2', 'full_response': '<choice>55</choice>', 'extracted_choice': 55}]"
success,,player1_openai-gpt-4o-2024-08-06_player2_openai-gpt-4o-2024-08-06_12,"[63, 100, 74, 35, 95]",openai/gpt-4o-2024-08-06,openai/gpt-4o-2024-08-06,63,63,1,"[{'role': 'player1', 'full_response': '<choice>63</choice>', 'extracted_choice': 63}, {'role': 'player2', 'full_response': '<choice>63</choice>', 'extracted_choice': 63}]"
success,,player1_openai-gpt-4o-2024-08-06_player2_openai-gpt-4o-2024-08-06_13,"[76, 44, 92, 50, 24]",openai/gpt-4o-2024-08-06,openai/gpt-4o-2024-08-06,50,50,1,"[{'role': 'player1', 'full_response': '<choice>50</choice>', 'extracted_choice': 50}, {'role': 'player2', 'full_response': '<choice>50</choice>', 'extracted_choice': 50}]"
success,,player1_openai-gpt-4o-2024-08-06_player2_openai-gpt-4o-2024-08-06_14,"[27, 92, 43, 79, 9]",openai/gpt-4o-2024-08-06,openai/gpt-4o-2024-08-06,43,43,1,"[{'role': 'player1', 'full_response': '<choice>43</choice>', 'extracted_choice': 43}, {'role': 'player2', 'full_response': '<choice>43</choice>', 'extracted_choice': 43}]"
success,,player1_openai-gpt-4o-2024-08-06_player2_openai-gpt-4o-2024-08-06_15,"[9, 52, 29, 5, 48]",openai/gpt-4o-2024-08-06,openai/gpt-4o-2024-08-06,5,5,1,"[{'role': 'player1', 'full_response': '<choice>5</choice>', 'extracted_choice': 5}, {'role': 'player2', 'full_response': '<choice>5</choice>', 'extracted_choice': 5}]"
success,,player1_openai-gpt-4o-2024-08-06_player2_openai-gpt-4o-2024-08-06_16,"[19, 33, 9, 15, 12]",openai/gpt-4o-2024-08-06,openai/gpt-4o-2024-08-06,15,19,0,"[{'role': 'player1', 'full_response': '<choice>15</choice>', 'extracted_choice': 15}, {'role': 'player2', 'full_response': '<choice>19</choice>', 'extracted_choice': 19}]"
success,,player1_openai-gpt-4o-2024-08-06_player2_openai-gpt-4o-2024-08-06_17,"[62, 54, 67, 58, 81]",openai/gpt-4o-2024-08-06,openai/gpt-4o-2024-08-06,67,54,0,"[{'role': 'player1', 'full_response': '<choice>67</choice>', 'extracted_choice': 67}, {'role': 'player2', 'full_response': '<choice>54</choice>', 'extracted_choice': 54}]"
success,,player1_openai-gpt-4o-2024-08-06_player2_openai-gpt-4o-2024-08-06_18,"[7, 88, 37, 56, 44]",openai/gpt-4o-2024-08-06,openai/gpt-4o-2024-08-06,7,7,1,"[{'role': 'player1', 'full_response': '<choice>7</choice>', 'extracted_choice': 7}, {'role': 'player2', 'full_response': '<choice>7</choice>', 'extracted_choice': 7}]"
success,,player1_openai-gpt-4o-2024-08-06_player2_openai-gpt-4o-2024-08-06_19,"[52, 56, 85, 58, 71]",openai/gpt-4o-2024-08-06,openai/gpt-4o-2024-08-06,85,58,0,"[{'role': 'player1', 'full_response': '<choice>85</choice>', 'extracted_choice': 85}, {'role': 'player2', 'full_response': '<choice>58</choice>', 'extracted_choice': 58}]"
success,,player1_openai-gpt-4o-2024-08-06_player2_openai-gpt-4o-2024-08-06_20,"[44, 28, 66, 77, 45]",openai/gpt-4o-2024-08-06,openai/gpt-4o-2024-08-06,77,77,1,"[{'role': 'player1', 'full_response': '<choice>77</choice>', 'extracted_choice': 77}, {'role': 'player2', 'full_response': '<choice>77</choice>', 'extracted_choice': 77}]"
success,,player1_openai-gpt-4o-2024-08-06_player2_openai-gpt-4o-2024-08-06_21,"[86, 60, 57, 81, 39]",openai/gpt-4o-2024-08-06,openai/gpt-4o-2024-08-06,57,57,1,"[{'role': 'player1', 'full_response': '<choice>57</choice>', 'extracted_choice': 57}, {'role': 'player2', 'full_response': '<choice>57</choice>', 'extracted_choice': 57}]"
success,,player1_openai-gpt-4o-2024-08-06_player2_openai-gpt-4o-2024-08-06_22,"[5, 53, 67, 42, 21]",openai/gpt-4o-2024-08-06,openai/gpt-4o-2024-08-06,42,42,1,"[{'role': 'player1', 'full_response': '<choice>42</choice>', 'extracted_choice': 42}, {'role': 'player2', 'full_response': '<choice>42</choice>', 'extracted_choice': 42}]"
success,,player1_openai-gpt-4o-2024-08-06_player2_openai-gpt-4o-2024-08-06_23,"[25, 72, 87, 11, 4]",openai/gpt-4o-2024-08-06,openai/gpt-4o-2024-08-06,11,11,1,"[{'role': 'player1', 'full_response': '<choice>11</choice>', 'extracted_choice': 11}, {'role': 'player2', 'full_response': '<choice>11</choice>', 'extracted_choice': 11}]"
success,,player1_openai-gpt-4o-2024-08-06_player2_openai-gpt-4o-2024-08-06_24,"[26, 20, 52, 80, 91]",openai/gpt-4o-2024-08-06,openai/gpt-4o-2024-08-06,26,26,1,"[{'role': 'player1', 'full_response': '<choice>26</choice>', 'extracted_choice': 26}, {'role': 'player2', 'full_response': '<choice>26</choice>', 'extracted_choice': 26}]"
success,,player1_openai-gpt-4o-2024-08-06_player2_anthropic-claude-3.5-sonnet_0,"[40, 76, 88, 99, 50]",openai/gpt-4o-2024-08-06,anthropic/claude-3.5-sonnet,99,99,1,"[{'role': 'player1', 'full_response': '<choice>99</choice>', 'extracted_choice': 99}, {'role': 'player2', 'full_response': 'Let me think about this strategically. Since both players see the same list and want to coordinate, I should choose a number that stands out and would be naturally focal to both players.\n\nLooking at [40, 76, 88, 99, 50], a few potential focal points emerge:\n- 99 stands out as the highest number\n- 88 is notable for being a ""double digit"" number\n- 40 and 50 are ""round"" numbers in base 10\n\nAmong these, I think 99 is most salient - it\'s the highest number, ends the 90s sequence, and is memorable as ""almost 100"". This seems like it would be a natural focal point that another player would also gravitate towards.\n\n<choice>99</choice>', 'extracted_choice': 99}]"
success,,player1_openai-gpt-4o-2024-08-06_player2_anthropic-claude-3.5-sonnet_1,"[53, 16, 69, 83, 60]",openai/gpt-4o-2024-08-06,anthropic/claude-3.5-sonnet,69,69,1,"[{'role': 'player1', 'full_response': '<choice>69</choice>', 'extracted_choice': 69}, {'role': 'player2', 'full_response': ""Let me think about which number would be most salient and likely to be chosen by both players.\n\nLooking at the numbers [53, 16, 69, 83, 60], I need to consider what might make one number stand out:\n- 16 is the smallest and only number below 50\n- 69 might be culturally salient\n- 83 is the largest number\n- There's no clear mathematical pattern\n- None are particularly round numbers\n\nGiven that both players are AI models and see the same list in the same order, the position in the list might be relevant. The middle number (69) has a natural focal point by being centered in the list. It's also culturally salient and memorable, which could make it a natural coordination point.\n\n<choice>69</choice>"", 'extracted_choice': 69}]"
success,,player1_openai-gpt-4o-2024-08-06_player2_anthropic-claude-3.5-sonnet_2,"[68, 21, 26, 55, 97]",openai/gpt-4o-2024-08-06,anthropic/claude-3.5-sonnet,55,55,1,"[{'role': 'player1', 'full_response': '<choice>55</choice>', 'extracted_choice': 55}, {'role': 'player2', 'full_response': ""Let me think about this strategically. Since both players are seeing the same list and need to coordinate, I should focus on what makes a number stand out or be focal.\n\nThe numbers are: 68, 21, 26, 55, 97\n\nLooking at these numbers:\n- 97 is the highest number\n- 21 is the lowest number\n- 55 is close to the middle of the range and seems visually distinctive being a double digit\n- 68 and 26 don't have any particularly distinctive features, though 26 has digits that are consecutive (2,6)\n\nI think 55 would be the most focal choice because:\n1. It's in the middle of the range\n2. It has repeating digits which makes it more memorable\n3. It's a multiple of 5, which humans and AIs might naturally gravitate toward\n4. It's visually symmetric\n\n<choice>55</choice>"", 'extracted_choice': 55}]"
success,,player1_openai-gpt-4o-2024-08-06_player2_anthropic-claude-3.5-sonnet_3,"[74, 99, 1, 52, 27]",openai/gpt-4o-2024-08-06,anthropic/claude-3.5-sonnet,1,1,1,"[{'role': 'player1', 'full_response': '<choice>1</choice>', 'extracted_choice': 1}, {'role': 'player2', 'full_response': ""Let me think about this strategically. Since both players see the same list and want to coordinate, we should look for the most salient or focal number.\n\nLooking at the list [74, 99, 1, 52, 27], a few numbers stand out:\n- 1 is highly salient as the smallest natural number\n- 99 stands out as the largest number and is a notable number in general\n- The others (74, 52, 27) don't have particularly special properties\n\nBetween 1 and 99, I think 1 is more universally salient as it's the most basic counting number and appears first in any numerical system. It's also distinctive for being the only single-digit number in the list.\n\n<choice>1</choice>"", 'extracted_choice': 1}]"
success,,player1_openai-gpt-4o-2024-08-06_player2_anthropic-claude-3.5-sonnet_4,"[86, 25, 78, 81, 90]",openai/gpt-4o-2024-08-06,anthropic/claude-3.5-sonnet,78,25,0,"[{'role': 'player1', 'full_response': '<choice>78</choice>', 'extracted_choice': 78}, {'role': 'player2', 'full_response': 'Let me think about this strategically. Since both players need to coordinate without communication, we need to find a focal point that would stand out to both of us.\n\nLooking at the numbers [86, 25, 78, 81, 90], I notice:\n- 25 stands out as being much smaller than the others\n- 90 is the highest and a ""round"" number ending in 0\n- The other numbers don\'t have any particularly distinctive properties\n\n25 is the most unique and salient number in the list since it\'s significantly smaller than all others and is also a perfect square (5×5). This distinctiveness makes it the most likely focal point for coordination.\n\n<choice>25</choice>', 'extracted_choice': 25}]"
success,,player1_openai-gpt-4o-2024-08-06_player2_anthropic-claude-3.5-sonnet_5,"[83, 98, 50, 66, 88]",openai/gpt-4o-2024-08-06,anthropic/claude-3.5-sonnet,88,50,0,"[{'role': 'player1', 'full_response': '<choice>88</choice>', 'extracted_choice': 88}, {'role': 'player2', 'full_response': ""Let me think about this strategically. Since both players see the same list and need to coordinate without communication, I should focus on what makes a number stand out or seem most focal.\n\nLooking at [83, 98, 50, 66, 88], I notice that:\n1. 50 is the only number that's a round number\n2. 50 is the middle number in the list\n3. 50 is notably smaller than the other options\n4. 50 is half of 100, making it mathematically significant\n\nThese properties make 50 the most salient choice. Both players would likely recognize these distinctive features, making it a natural focal point for coordination.\n\n<choice>50</choice>"", 'extracted_choice': 50}]"
success,,player1_openai-gpt-4o-2024-08-06_player2_anthropic-claude-3.5-sonnet_6,"[51, 24, 10, 91, 82]",openai/gpt-4o-2024-08-06,anthropic/claude-3.5-sonnet,51,10,0,"[{'role': 'player1', 'full_response': '<choice>51</choice>', 'extracted_choice': 51}, {'role': 'player2', 'full_response': ""Let me think about this strategically. Since both players see the same list and want to coordinate, we should focus on what number would be most salient to both of us.\n\nLooking at the numbers [51, 24, 10, 91, 82], I notice that 10 stands out for several reasons:\n1. It's the smallest number\n2. It's the only round number\n3. It's a highly familiar and psychologically significant number (base-10 system)\n\nThis makes 10 a natural focal point that both players might gravitate towards when trying to coordinate.\n\n<choice>10</choice>"", 'extracted_choice': 10}]"
success,,player1_openai-gpt-4o-2024-08-06_player2_anthropic-claude-3.5-sonnet_7,"[45, 65, 6, 13, 0]",openai/gpt-4o-2024-08-06,anthropic/claude-3.5-sonnet,0,0,1,"[{'role': 'player1', 'full_response': '<choice>0</choice>', 'extracted_choice': 0}, {'role': 'player2', 'full_response': 'Let me think about this strategically. I want to pick a number that would be naturally salient to both players.\n\nLooking at the list [45, 65, 6, 13, 0], a few potential focal points stand out:\n- 0 is mathematically special as the only zero\n- 6 is the smallest non-zero number\n- 13 has cultural significance as an ""unlucky"" number\n- 45 is first in the list\n- 65 is the largest number\n\nAmong these, I believe 0 is the most uniquely salient choice. It\'s mathematically special as the unique additive identity, it\'s a conceptual boundary point, and it stands out visually. Even different AI models would likely recognize its special significance.\n\n<choice>0</choice>', 'extracted_choice': 0}]"
success,,player1_openai-gpt-4o-2024-08-06_player2_anthropic-claude-3.5-sonnet_8,"[42, 20, 76, 53, 86]",openai/gpt-4o-2024-08-06,anthropic/claude-3.5-sonnet,42,42,1,"[{'role': 'player1', 'full_response': '<choice>42</choice>', 'extracted_choice': 42}, {'role': 'player2', 'full_response': 'Let me think about this strategically. I want to pick a number that would be naturally salient or focal to both players.\n\nAmong the given numbers [42, 20, 76, 53, 86], I notice that 42 stands out due to its cultural significance (being ""the answer to life, the universe, and everything"" from The Hitchhiker\'s Guide to the Galaxy). Given that both players are AI language models, we would likely be aware of this reference. It\'s also the first number in the list, which gives it additional focal prominence.\n\nAdditionally, 42 is the smallest even two-digit number in the list, which makes it mathematically distinctive. These multiple layers of salience make it a strong coordination point.\n\n<choice>42</choice>', 'extracted_choice': 42}]"
success,,player1_openai-gpt-4o-2024-08-06_player2_anthropic-claude-3.5-sonnet_9,"[31, 65, 50, 98, 80]",openai/gpt-4o-2024-08-06,anthropic/claude-3.5-sonnet,50,50,1,"[{'role': 'player1', 'full_response': '<choice>50</choice>', 'extracted_choice': 50}, {'role': 'player2', 'full_response': 'Let me think about this strategically. Since both players are aiming for coordination and see the same list, I should focus on what makes a number stand out as a natural focal point.\n\nLooking at [31, 65, 50, 98, 80], there are several potential focal characteristics:\n- 50 is the middle number and is also a ""round"" number\n- 98 is the highest number\n- 31 is the lowest number\n- 80 is also relatively ""round""\n\nAmong these, 50 seems most salient because:\n1. It\'s exactly in the middle position of the list\n2. It\'s a round number (half of 100)\n3. It\'s the most ""simple"" or ""clean"" number in the list\n\nThis combination of properties makes 50 the most natural coordination point.\n\n<choice>50</choice>', 'extracted_choice': 50}]"
success,,player1_openai-gpt-4o-2024-08-06_player2_anthropic-claude-3.5-sonnet_10,"[49, 16, 79, 56, 86]",openai/gpt-4o-2024-08-06,anthropic/claude-3.5-sonnet,56,16,0,"[{'role': 'player1', 'full_response': '<choice>56</choice>', 'extracted_choice': 56}, {'role': 'player2', 'full_response': 'Let me think about this strategically. Since both players see the same list and want to coordinate, we should focus on what makes a number stand out.\n\nLooking at [49, 16, 79, 56, 86], I need to consider what would be most salient to both players.\n\nSome observations:\n- 16 is the smallest number and only one with two digits\n- 79 is close to 80, a round number\n- The numbers are somewhat randomly distributed\n- No clear mathematical patterns\n\nSince 16 is notably different from the others (being the only two-digit number) and appears early in the list, it stands out as a focal point that both players might naturally gravitate toward.\n\n<choice>16</choice>', 'extracted_choice': 16}]"
success,,player1_openai-gpt-4o-2024-08-06_player2_anthropic-claude-3.5-sonnet_11,"[2, 46, 1, 7, 47]",openai/gpt-4o-2024-08-06,anthropic/claude-3.5-sonnet,7,1,0,"[{'role': 'player1', 'full_response': '<choice>7</choice>', 'extracted_choice': 7}, {'role': 'player2', 'full_response': 'Let me think about this strategically. I want to pick a number that would be naturally salient to both players, making it a focal point for coordination.\n\nLooking at the list [2, 46, 1, 7, 47], I notice that 1 stands out for several reasons:\n1. It\'s the lowest number\n2. It\'s a very special number mathematically and culturally\n3. It\'s one of the simplest numbers in the list\n4. It\'s often associated with ""first"" or ""primary""\n\nGiven these properties, I think 1 would be the most obvious focal point for coordination, regardless of what model the other player is.\n\n<choice>1</choice>', 'extracted_choice': 1}]"
success,,player1_openai-gpt-4o-2024-08-06_player2_anthropic-claude-3.5-sonnet_12,"[41, 16, 32, 89, 52]",openai/gpt-4o-2024-08-06,anthropic/claude-3.5-sonnet,32,32,1,"[{'role': 'player1', 'full_response': '<choice>32</choice>', 'extracted_choice': 32}, {'role': 'player2', 'full_response': 'Let me think about this strategically. When coordinating with another AI system without direct communication, I should look for the most naturally focal or salient number.\n\nLooking at the list [41, 16, 32, 89, 52], I notice:\n- 89 stands out as the largest number\n- 16 stands out as the smallest number\n- 32 is a power of 2 (2^5)\n- The middle position in the list is 32\n\nSince both players will see the numbers in the same order, the middle position is particularly salient as a focal point. Additionally, 32 being a power of 2 makes it mathematically notable. This combination of factors makes 32 the most prominent choice for coordination.\n\n<choice>32</choice>', 'extracted_choice': 32}]"
success,,player1_openai-gpt-4o-2024-08-06_player2_anthropic-claude-3.5-sonnet_13,"[74, 36, 28, 91, 99]",openai/gpt-4o-2024-08-06,anthropic/claude-3.5-sonnet,28,99,0,"[{'role': 'player1', 'full_response': '<choice>28</choice>', 'extracted_choice': 28}, {'role': 'player2', 'full_response': 'Let me think about this strategically. When playing a coordination game, I want to pick a number that would be most salient or focal to both players.\n\nLooking at the numbers [74, 36, 28, 91, 99], I notice that 99 stands out for several reasons:\n1. It\'s the highest number\n2. It\'s at the end of the list\n3. It\'s a repeated digit (like 88 or 77)\n4. 99 is a commonly referenced number in various contexts\n\nBeing at the end of the list and being the highest number makes it particularly noticeable. The fact that it uses repeated digits also makes it more memorable and distinctive compared to the other more ""random-looking"" numbers.\n\n<choice>99</choice>', 'extracted_choice': 99}]"
success,,player1_openai-gpt-4o-2024-08-06_player2_anthropic-claude-3.5-sonnet_14,"[20, 24, 28, 86, 22]",openai/gpt-4o-2024-08-06,anthropic/claude-3.5-sonnet,22,86,0,"[{'role': 'player1', 'full_response': '<choice>22</choice>', 'extracted_choice': 22}, {'role': 'player2', 'full_response': ""Let me think about which number would be most salient to both players...\n\nLooking at the numbers [20, 24, 28, 86, 22], I want to find one that stands out and would be naturally focal to both players.\n\n86 immediately catches my attention because:\n1. It's significantly larger than all other numbers\n2. It's the only number in the 80s while all others are in the 20s\n3. It's visually distinct from the pattern of other numbers\n\nThis makes 86 the most distinctive and memorable number in the list, which means it's likely to grab the other player's attention as well. When looking for coordination points, distinctive features are usually the best focal points.\n\n<choice>86</choice>"", 'extracted_choice': 86}]"
success,,player1_openai-gpt-4o-2024-08-06_player2_anthropic-claude-3.5-sonnet_15,"[29, 10, 60, 89, 54]",openai/gpt-4o-2024-08-06,anthropic/claude-3.5-sonnet,10,10,1,"[{'role': 'player1', 'full_response': '<choice>10</choice>', 'extracted_choice': 10}, {'role': 'player2', 'full_response': ""Let me think about this strategically. I need to pick the number that I think would be most naturally salient to both me and my partner.\n\nLooking at the numbers [29, 10, 60, 89, 54], I want to identify what might make one number stand out:\n- 10 is the simplest/roundest number\n- 89 is the largest number\n- 29 is first in the list\n- 60 is notably divisible by many numbers\n\nAmong these, I believe 10 would be the most psychologically focal point since it's:\n1. The simplest/roundest number by far\n2. A number humans and AIs would naturally gravitate towards\n3. Very distinct from the other more complex numbers\n\n<choice>10</choice>"", 'extracted_choice': 10}]"
success,,player1_openai-gpt-4o-2024-08-06_player2_anthropic-claude-3.5-sonnet_16,"[96, 38, 88, 90, 75]",openai/gpt-4o-2024-08-06,anthropic/claude-3.5-sonnet,88,88,1,"[{'role': 'player1', 'full_response': '<choice>88</choice>', 'extracted_choice': 88}, {'role': 'player2', 'full_response': ""Let me think about this strategically. To coordinate successfully, I need to choose a number that would be naturally focal or salient to both players.\n\nLooking at the numbers [96, 38, 88, 90, 75], there are a few potential focal points:\n- 88 stands out as it has repeating digits\n- 90 is notable for being a round number\n- 38 is the smallest number\n- 96 is the largest number\n\nAmong these, I think 88 is the most salient due to its pattern of repeating digits. This type of pattern is something that would likely catch both players' attention and serve as a natural coordination point.\n\n<choice>88</choice>"", 'extracted_choice': 88}]"
success,,player1_openai-gpt-4o-2024-08-06_player2_anthropic-claude-3.5-sonnet_17,"[84, 76, 60, 48, 65]",openai/gpt-4o-2024-08-06,anthropic/claude-3.5-sonnet,60,60,1,"[{'role': 'player1', 'full_response': '<choice>60</choice>', 'extracted_choice': 60}, {'role': 'player2', 'full_response': ""Let me think about this strategically. Since both players see the same list in the same order, I should focus on what makes a number stand out as a natural focal point.\n\nAmong [84, 76, 60, 48, 65], some potential focal points are:\n- First number (84)\n- Middle number (60)\n- Largest number (84)\n- Smallest number (48)\n\nThe middle number 60 seems most salient here because:\n1. It's in the center position of the list\n2. It's a round number (divisible by 10)\n3. It's relatively easy to spot visually\n\nBoth players would likely recognize these properties, making 60 a natural coordination point.\n\n<choice>60</choice>"", 'extracted_choice': 60}]"
success,,player1_openai-gpt-4o-2024-08-06_player2_anthropic-claude-3.5-sonnet_18,"[47, 1, 45, 65, 46]",openai/gpt-4o-2024-08-06,anthropic/claude-3.5-sonnet,47,1,0,"[{'role': 'player1', 'full_response': '<choice>47</choice>', 'extracted_choice': 47}, {'role': 'player2', 'full_response': ""Let me think about this strategically. Since both players see the same list and want to coordinate, I should look for a number that stands out or would be naturally focal.\n\nLooking at the numbers [47, 1, 45, 65, 46]:\n\n1 is highly salient because:\n- It's the smallest number\n- It's a unique single-digit number among multi-digit numbers\n- One is a psychologically significant number (first, unity)\n- It's extremely simple and memorable\n\nThe other numbers (47, 45, 65, 46) are all two-digit numbers relatively close to each other without any particularly distinctive patterns or significance.\n\nGiven these considerations, 1 seems like the clearest focal point that another AI would also recognize as the most distinctive choice.\n\n<choice>1</choice>"", 'extracted_choice': 1}]"
success,,player1_openai-gpt-4o-2024-08-06_player2_anthropic-claude-3.5-sonnet_19,"[59, 20, 95, 19, 91]",openai/gpt-4o-2024-08-06,anthropic/claude-3.5-sonnet,20,95,0,"[{'role': 'player1', 'full_response': '<choice>20</choice>', 'extracted_choice': 20}, {'role': 'player2', 'full_response': ""Let me think about which number would be most salient to both players.\n\nLooking at the numbers [59, 20, 95, 19, 91], I need to consider what might stand out to both players.\n\n95 stands out as:\n1. It's the largest number\n2. It's positioned in the middle of the list\n3. It's a multiple of 5 and close to 100\n4. It's more visually distinctive than the other numbers\n\nBoth players will see these same characteristics, and being the highest number in a central position makes it a natural focal point that could serve as a coordination point.\n\n<choice>95</choice>"", 'extracted_choice': 95}]"
success,,player1_openai-gpt-4o-2024-08-06_player2_anthropic-claude-3.5-sonnet_20,"[81, 15, 94, 35, 42]",openai/gpt-4o-2024-08-06,anthropic/claude-3.5-sonnet,42,42,1,"[{'role': 'player1', 'full_response': '<choice>42</choice>', 'extracted_choice': 42}, {'role': 'player2', 'full_response': 'Let me think about this strategically. Since both players want to coordinate and have the same information, I should pick a number that would be naturally salient or focal to both of us.\n\n42 stands out as particularly notable because:\n1. It\'s a culturally significant number (famous as ""the answer to life, the universe, and everything"" from The Hitchhiker\'s Guide to the Galaxy)\n2. It\'s positioned in the middle of the range of numbers\n3. It\'s a relatively ""clean"" number compared to the others\n\nThe other numbers (81, 15, 94, 35) don\'t have special cultural significance or notable mathematical properties that would make them obvious focal points for coordination.\n\n<choice>42</choice>', 'extracted_choice': 42}]"
success,,player1_openai-gpt-4o-2024-08-06_player2_anthropic-claude-3.5-sonnet_21,"[77, 7, 8, 89, 23]",openai/gpt-4o-2024-08-06,anthropic/claude-3.5-sonnet,7,7,1,"[{'role': 'player1', 'full_response': '<choice>7</choice>', 'extracted_choice': 7}, {'role': 'player2', 'full_response': ""Let me think about which number would be most salient to both players...\n\nLooking at the numbers [77, 7, 8, 89, 23], I notice that 7 stands out because:\n1. It's the smallest single-digit number\n2. 7 is commonly considered a lucky or special number across many cultures\n3. It also appears as part of 77, making it more prominent\n4. It's the second number in the list, making it fairly easy to spot\n\nA coordination game requires selecting something that would naturally draw attention and be memorable to both players. Given that 7 has these special properties and cultural significance, it seems like the most focal choice.\n\n<choice>7</choice>"", 'extracted_choice': 7}]"
success,,player1_openai-gpt-4o-2024-08-06_player2_anthropic-claude-3.5-sonnet_22,"[54, 41, 60, 63, 9]",openai/gpt-4o-2024-08-06,anthropic/claude-3.5-sonnet,9,9,1,"[{'role': 'player1', 'full_response': '<choice>9</choice>', 'extracted_choice': 9}, {'role': 'player2', 'full_response': 'Let me think about this strategically. I need to pick a number that would be naturally salient to both players.\n\nLooking at the numbers [54, 41, 60, 63, 9], a few potential focal points stand out:\n- 9 is notably different as the only single-digit number\n- 63 is the largest number\n- 54 is the first number in the list\n- 60 might be salient as a round number divisible by 10\n\nAmong these, I believe 9 is the most distinctive and memorable due to being the only single-digit number and being dramatically different from all other options. Its uniqueness makes it a natural coordination point that would likely stand out to any player regardless of model type.\n\n<choice>9</choice>', 'extracted_choice': 9}]"
success,,player1_openai-gpt-4o-2024-08-06_player2_anthropic-claude-3.5-sonnet_23,"[12, 22, 92, 93, 77]",openai/gpt-4o-2024-08-06,anthropic/claude-3.5-sonnet,22,77,0,"[{'role': 'player1', 'full_response': '<choice>22</choice>', 'extracted_choice': 22}, {'role': 'player2', 'full_response': ""Let me think through this strategically. I need to pick a number that would be naturally focal or salient to both players.\n\nAmong [12, 22, 92, 93, 77], I'm looking for patterns or standout characteristics:\n- Middle number: 92\n- First number: 12\n- Pairs/patterns: 92 and 93 are consecutive, 22 is double digits repeated\n- 77 is notable for repeating digits\n\nThe number 77 stands out because:\n1. It has repeating digits, making it memorable\n2. 7 is often considered a lucky or significant number\n3. Double digits are naturally focal points\n4. It's distinctive from the consecutive pair 92/93\n5. It's more memorable than 12 or 22\n\nI believe 77 would be the most salient choice for coordination.\n\n<choice>77</choice>"", 'extracted_choice': 77}]"
success,,player1_openai-gpt-4o-2024-08-06_player2_anthropic-claude-3.5-sonnet_24,"[76, 8, 99, 12, 71]",openai/gpt-4o-2024-08-06,anthropic/claude-3.5-sonnet,99,99,1,"[{'role': 'player1', 'full_response': '<choice>99</choice>', 'extracted_choice': 99}, {'role': 'player2', 'full_response': 'Let me think about which number would be most salient for coordination...\n\nLooking at the numbers [76, 8, 99, 12, 71], I notice that 99 stands out for several reasons:\n1. It\'s the largest number in the list\n2. It\'s a ""special"" number (double digits repeated)\n3. It\'s positioned in the middle of the list\n4. 99 is commonly used in retail pricing and has cultural significance\n\nGiven these focal properties and its distinctiveness compared to the other more ""ordinary"" numbers, I believe 99 would be the most natural coordination point for two AIs looking at this list.\n\n<choice>99</choice>', 'extracted_choice': 99}]"
success,,player1_anthropic-claude-3.5-sonnet_player2_openai-gpt-4o-2024-08-06_0,"[1, 5, 66, 79, 98]",anthropic/claude-3.5-sonnet,openai/gpt-4o-2024-08-06,1,1,1,"[{'role': 'player1', 'full_response': ""Let me think about this strategically. I need to pick a number that would be naturally focal or salient to both players.\n\nAmong these numbers [1, 5, 66, 79, 98], a few potential focal points stand out:\n1) First number (1)\n2) Smallest number (1)\n3) Middle number (66)\n\nThe number 1 is particularly salient because:\n- It's the first number in the list\n- It's the smallest number\n- It's a psychologically significant number (being first/primary)\n- It's the simplest number\n\nWhile 66 being in the middle could be focal, and numbers like 98 being last could also draw attention, I believe 1 has the strongest case for being the most naturally focal point that another AI would also identify.\n\n<choice>1</choice>"", 'extracted_choice': 1}, {'role': 'player2', 'full_response': '<choice>1</choice>', 'extracted_choice': 1}]"
success,,player1_anthropic-claude-3.5-sonnet_player2_openai-gpt-4o-2024-08-06_1,"[90, 37, 75, 2, 13]",anthropic/claude-3.5-sonnet,openai/gpt-4o-2024-08-06,2,75,0,"[{'role': 'player1', 'full_response': ""Let me think about which number would be most salient to both players.\n\nSince we're both seeing the same ordered list [90, 37, 75, 2, 13], key factors could be:\n1. First number (90)\n2. Smallest number (2)\n3. Numbers with special properties\n4. Middle position in the list (75)\n\nIn this case, I think the smallest number 2 would be most focal because:\n- It's distinctly smaller than all other options\n- It's a very basic, fundamental number\n- It stands out visually from the other two-digit numbers\n- It's easy to identify as unique within the set\n\n<choice>2</choice>"", 'extracted_choice': 2}, {'role': 'player2', 'full_response': '<choice>75</choice>', 'extracted_choice': 75}]"
success,,player1_anthropic-claude-3.5-sonnet_player2_openai-gpt-4o-2024-08-06_2,"[88, 18, 55, 84, 80]",anthropic/claude-3.5-sonnet,openai/gpt-4o-2024-08-06,55,55,1,"[{'role': 'player1', 'full_response': 'Let me think about this strategically. When coordinating with another AI system, I want to pick the number that would be most salient or focal to both of us.\n\nLooking at the numbers [88, 18, 55, 84, 80], I notice:\n- 55 is notable for being in the middle of the list\n- 55 has repeating digits\n- 55 is more ""round"" than the other numbers\n- 55 falls roughly in the middle of the range numerically\n\nGiven these properties, 55 seems like it would be the most psychologically salient choice for coordination. Both players are likely to notice these same features, making it a natural focal point.\n\n<choice>55</choice>', 'extracted_choice': 55}, {'role': 'player2', 'full_response': '<choice>55</choice>', 'extracted_choice': 55}]"
success,,player1_anthropic-claude-3.5-sonnet_player2_openai-gpt-4o-2024-08-06_3,"[39, 50, 76, 12, 29]",anthropic/claude-3.5-sonnet,openai/gpt-4o-2024-08-06,50,50,1,"[{'role': 'player1', 'full_response': 'Let me think about this strategically. I need to choose a number that would be most salient to both me and another AI player looking at the same list.\n\nLooking at the numbers [39, 50, 76, 12, 29], a few potential focal points stand out:\n- 50 is a ""round"" number and stands out as being in the middle of typical numerical ranges\n- 12 is the smallest number and a commonly referenced number (dozen)\n- 76 is the largest number\n\nAmong these, 50 seems most naturally focal - it\'s right in the middle of the standard 0-100 range, it\'s a common reference point in many contexts, and it\'s a clean number that\'s easy to remember and focus on.\n\n<choice>50</choice>', 'extracted_choice': 50}, {'role': 'player2', 'full_response': '<choice>50</choice>', 'extracted_choice': 50}]"
success,,player1_anthropic-claude-3.5-sonnet_player2_openai-gpt-4o-2024-08-06_4,"[39, 68, 3, 8, 79]",anthropic/claude-3.5-sonnet,openai/gpt-4o-2024-08-06,3,3,1,"[{'role': 'player1', 'full_response': ""Let me think about this strategically. Since both players need to coordinate without communication, we need to focus on what number would be most naturally salient to both.\n\nLooking at the numbers [39, 68, 3, 8, 79], I notice that 3 stands out for several reasons:\n1. It's the smallest number\n2. It's a culturally significant number in many contexts\n3. It's one of only two single-digit numbers in the list\n4. It appears early in the list\n\nSince we're both AI models who would likely analyze the problem similarly and recognize these same distinctive features, 3 seems like the most focal point for coordination.\n\n<choice>3</choice>"", 'extracted_choice': 3}, {'role': 'player2', 'full_response': '<choice>3</choice>', 'extracted_choice': 3}]"
success,,player1_anthropic-claude-3.5-sonnet_player2_openai-gpt-4o-2024-08-06_5,"[11, 25, 42, 78, 90]",anthropic/claude-3.5-sonnet,openai/gpt-4o-2024-08-06,42,42,1,"[{'role': 'player1', 'full_response': 'Let me think about this strategically. In coordination games, success depends on selecting a number that would be naturally focal or salient to both players.\n\nLooking at the numbers [11, 25, 42, 78, 90], I notice that 42 stands out for several reasons:\n1. It\'s positioned in the middle of the list\n2. It\'s a culturally significant number (famous as ""the answer to life, the universe, and everything"" from The Hitchhiker\'s Guide to the Galaxy)\n3. It\'s likely to be salient to AI models given its prominence in tech/geek culture\n\nSince both players are AI language models and would have similar training data exposure, 42 seems like the most focal point for coordination.\n\n<choice>42</choice>', 'extracted_choice': 42}, {'role': 'player2', 'full_response': '<choice>42</choice>', 'extracted_choice': 42}]"
success,,player1_anthropic-claude-3.5-sonnet_player2_openai-gpt-4o-2024-08-06_6,"[32, 15, 30, 80, 84]",anthropic/claude-3.5-sonnet,openai/gpt-4o-2024-08-06,15,32,0,"[{'role': 'player1', 'full_response': 'Let me think about the most salient number that another AI would likely choose...\n\nLooking at the numbers [32, 15, 30, 80, 84], I need to identify a focal point that would stand out to both of us.\n\n15 stands out as unique since it\'s:\n- The smallest number\n- The only number divisible by 5 but not 10\n- The only two-digit number starting with 1\n\nWhile 80 is also notable (as a ""round"" number), I think 15 has more distinctive properties that make it a natural focal point for coordination.\n\n<choice>15</choice>', 'extracted_choice': 15}, {'role': 'player2', 'full_response': '<choice>32</choice>', 'extracted_choice': 32}]"
success,,player1_anthropic-claude-3.5-sonnet_player2_openai-gpt-4o-2024-08-06_7,"[32, 58, 87, 82, 7]",anthropic/claude-3.5-sonnet,openai/gpt-4o-2024-08-06,7,7,1,"[{'role': 'player1', 'full_response': ""Let me think about this strategically. I want to pick a number that would be most salient to both players.\n\nGiven that:\n1. Both players see the same list in the same order\n2. We're both AI models looking for focal points\n3. The list is [32, 58, 87, 82, 7]\n\nThe number 7 stands out because:\n- It's the lowest number\n- It's a single digit (all others are double digits)\n- It's considered a lucky/special number in many contexts\n- It's the last number in the list, making it memorable\n- It's notably different from all other numbers in the list\n\nTherefore, I believe 7 would be the most salient choice that another AI would also recognize as distinctive.\n\n<choice>7</choice>"", 'extracted_choice': 7}, {'role': 'player2', 'full_response': '<choice>7</choice>', 'extracted_choice': 7}]"
success,,player1_anthropic-claude-3.5-sonnet_player2_openai-gpt-4o-2024-08-06_8,"[83, 49, 82, 80, 94]",anthropic/claude-3.5-sonnet,openai/gpt-4o-2024-08-06,49,80,0,"[{'role': 'player1', 'full_response': ""Let me think strategically about this. Since both players see the same list and want to coordinate, we should look for a number that stands out or would naturally draw attention.\n\nLooking at [83, 49, 82, 80, 94]:\n- 94 is the highest number\n- 49 is the lowest number and the only one in the 40s\n- The other numbers (83, 82, 80) are all in the 80s range\n\n49 stands out significantly as it's the only number in the 40s and is the lowest number. It's also positioned second in the list, making it quite noticeable. This distinctiveness makes it a natural focal point for coordination.\n\n<choice>49</choice>"", 'extracted_choice': 49}, {'role': 'player2', 'full_response': '<choice>80</choice>', 'extracted_choice': 80}]"
success,,player1_anthropic-claude-3.5-sonnet_player2_openai-gpt-4o-2024-08-06_9,"[29, 49, 97, 90, 73]",anthropic/claude-3.5-sonnet,openai/gpt-4o-2024-08-06,97,97,1,"[{'role': 'player1', 'full_response': ""Let me think about which number would be most salient to both players.\n\nLooking at the numbers [29, 49, 97, 90, 73], I want to find a focal point that another AI would also naturally gravitate towards.\n\nA few potential focal strategies:\n- First or last number in the list\n- Middle number\n- Highest or lowest number\n- Numbers with special mathematical properties\n\nIn this case, 97 stands out for a few reasons:\n1. It's the highest number in the list\n2. It's a prime number\n3. It's in the middle position of the list\n\nSince it has multiple distinguishing characteristics that make it salient, and both players see the identical list in the same order, 97 seems like the most natural focal point.\n\n<choice>97</choice>"", 'extracted_choice': 97}, {'role': 'player2', 'full_response': '<choice>97</choice>', 'extracted_choice': 97}]"
success,,player1_anthropic-claude-3.5-sonnet_player2_openai-gpt-4o-2024-08-06_10,"[100, 59, 7, 25, 91]",anthropic/claude-3.5-sonnet,openai/gpt-4o-2024-08-06,100,7,0,"[{'role': 'player1', 'full_response': ""Let me think about this strategically. Since both players want to coordinate, we need to pick a number that stands out and would be naturally focal to both players.\n\nFrom the given numbers [100, 59, 7, 25, 91], I notice that:\n- 100 is notable as a round number and the largest\n- 7 is notable for being the smallest and a culturally significant number\n- The others (59, 25, 91) don't have particularly distinctive properties\n\nAmong these, 100 seems most salient as it's:\n1. The largest number\n2. A perfect round number\n3. Located first in the list\n4. Universally recognizable\n\n<choice>100</choice>"", 'extracted_choice': 100}, {'role': 'player2', 'full_response': '<choice>7</choice>', 'extracted_choice': 7}]"
success,,player1_anthropic-claude-3.5-sonnet_player2_openai-gpt-4o-2024-08-06_11,"[35, 9, 7, 1, 70]",anthropic/claude-3.5-sonnet,openai/gpt-4o-2024-08-06,1,7,0,"[{'role': 'player1', 'full_response': ""Let me think about this strategically. In coordination games, success depends on choosing something that would be naturally focal or salient to both players.\n\nLooking at the numbers [35, 9, 7, 1, 70], a few potential focal points stand out:\n- 1 is mathematically special as the first natural number\n- 70 is the largest number\n- 7 is often considered a lucky or significant number in many cultures\n\nGiven that I know I'm Claude and the other player likely knows they're an AI system too, I want to choose what would be most salient from an AI perspective. The number 1 seems most logical as it's mathematically fundamental and the simplest choice.\n \n<choice>1</choice>"", 'extracted_choice': 1}, {'role': 'player2', 'full_response': '<choice>7</choice>', 'extracted_choice': 7}]"
success,,player1_anthropic-claude-3.5-sonnet_player2_openai-gpt-4o-2024-08-06_12,"[64, 46, 39, 98, 86]",anthropic/claude-3.5-sonnet,openai/gpt-4o-2024-08-06,64,86,0,"[{'role': 'player1', 'full_response': ""Let me think strategically about this. Since both players want to coordinate, I need to identify which number would be most salient or focal for both of us.\n\nLooking at the numbers [64, 46, 39, 98, 86], a few potential focal points emerge:\n- 98 is the highest number\n- 39 is the lowest number\n- 64 is the first number in the list\n\nAmong these, I believe the first number (64) is likely to be most salient because:\n1. It has primacy in the list\n2. It's a clean, memorable number (8x8)\n3. First items in a list often serve as natural focal points in coordination games\n\n<choice>64</choice>"", 'extracted_choice': 64}, {'role': 'player2', 'full_response': '<choice>86</choice>', 'extracted_choice': 86}]"
success,,player1_anthropic-claude-3.5-sonnet_player2_openai-gpt-4o-2024-08-06_13,"[34, 80, 75, 13, 27]",anthropic/claude-3.5-sonnet,openai/gpt-4o-2024-08-06,13,34,0,"[{'role': 'player1', 'full_response': 'Let me think about this strategically. Since both players see the same list and want to coordinate, I should pick a number that stands out and would be naturally focal to both of us.\n\nFrom the list [34, 80, 75, 13, 27], the number 13 stands out for several reasons:\n1. It\'s the smallest number\n2. It\'s a culturally significant number (often considered unlucky)\n3. It\'s one of only two two-digit numbers that starts with 1\n4. It\'s a ""special"" or memorable number compared to the others which feel more arbitrary\n\nTherefore, I believe 13 would be the most salient focal point for coordination.\n\n<choice>13</choice>', 'extracted_choice': 13}, {'role': 'player2', 'full_response': '<choice>34</choice>', 'extracted_choice': 34}]"
success,,player1_anthropic-claude-3.5-sonnet_player2_openai-gpt-4o-2024-08-06_14,"[79, 35, 83, 51, 25]",anthropic/claude-3.5-sonnet,openai/gpt-4o-2024-08-06,25,51,0,"[{'role': 'player1', 'full_response': ""Let me think about this strategically. When coordinating without communication, players typically look for focal points or salient options that would naturally stand out to both players.\n\nLooking at the numbers [79, 35, 83, 51, 25], I notice:\n- 25 is the smallest and simplest number (can be seen as 5²)\n- It appears last in the list, making it memorable\n- It's also the only one ending in 5, making it more distinct\n- The other numbers appear more random and less memorable\n\nGiven that both players are AI language models seeing the same list, 25 seems like it would be the most natural focal point that we'd both identify.\n\n<choice>25</choice>"", 'extracted_choice': 25}, {'role': 'player2', 'full_response': '<choice>51</choice>', 'extracted_choice': 51}]"
success,,player1_anthropic-claude-3.5-sonnet_player2_openai-gpt-4o-2024-08-06_15,"[11, 34, 49, 44, 29]",anthropic/claude-3.5-sonnet,openai/gpt-4o-2024-08-06,44,34,0,"[{'role': 'player1', 'full_response': ""Let me think about this strategically. When coordinating with another AI player who sees the same options, I want to pick the most salient or focal number that would naturally stand out to both of us.\n\nLooking at the numbers [11, 34, 49, 44, 29], I notice:\n- 49 is a perfect square (7²)\n- 44 has repeating digits\n- The numbers are not in any particular order\n- No number appears to be the mean or median\n- 44 is the closest to the center of the range\n\nThe repeating digits in 44 make it visually distinctive and easy to focus on. It's also conveniently located near the middle of the range. Between all options, 44 seems like it would be most naturally salient to both AI players.\n\n<choice>44</choice>"", 'extracted_choice': 44}, {'role': 'player2', 'full_response': '<choice>34</choice>', 'extracted_choice': 34}]"
success,,player1_anthropic-claude-3.5-sonnet_player2_openai-gpt-4o-2024-08-06_16,"[28, 33, 72, 83, 70]",anthropic/claude-3.5-sonnet,openai/gpt-4o-2024-08-06,72,33,0,"[{'role': 'player1', 'full_response': ""Let me think about which number would be most salient to both players...\n\nSince both players are seeing the same list in the same order, the most focal options would likely be:\n1. The first number (28)\n2. The middle number (72)\n3. The lowest number (28)\n4. The highest number (83)\n\nAmong these, the middle number seems most focal since it's centrally positioned in the list and acts as a natural focal point that both players might gravitate toward. While 28 (first/lowest) and 83 (highest) are also notable, the central position of 72 makes it stand out as a coordination point.\n\n<choice>72</choice>"", 'extracted_choice': 72}, {'role': 'player2', 'full_response': '<choice>33</choice>', 'extracted_choice': 33}]"
success,,player1_anthropic-claude-3.5-sonnet_player2_openai-gpt-4o-2024-08-06_17,"[97, 92, 62, 78, 93]",anthropic/claude-3.5-sonnet,openai/gpt-4o-2024-08-06,62,97,0,"[{'role': 'player1', 'full_response': 'Let me think about this strategically. I want to pick a number that would be most salient to both players.\n\nLooking at the numbers [97, 92, 62, 78, 93], I notice:\n- 97 is the highest number\n- 62 is the lowest number \n- 62 is noticeably more different from the others\n- The other numbers are all in the 90s or high 70s\n\nThe fact that 62 stands out so much from the other numbers makes it highly salient - it\'s the clear ""oddball"" in the set. Both players would likely notice this distinguishing characteristic. Additionally, being the lowest number gives it another focal property.\n\n<choice>62</choice>', 'extracted_choice': 62}, {'role': 'player2', 'full_response': '<choice>97</choice>', 'extracted_choice': 97}]"
success,,player1_anthropic-claude-3.5-sonnet_player2_openai-gpt-4o-2024-08-06_18,"[25, 47, 49, 43, 40]",anthropic/claude-3.5-sonnet,openai/gpt-4o-2024-08-06,25,47,0,"[{'role': 'player1', 'full_response': ""Let me think about this strategically. Since both players need to coordinate without communication, I should pick the most salient or focal number that would naturally stand out to both players.\n\nLooking at the numbers [25, 47, 49, 43, 40]:\n- 25 stands out as it's the only number ending in 5 and is a quarter of 100\n- The other numbers are all in the 40s range, except 25\n- 25 is also the lowest number and appears first in the list\n\nGiven these factors, 25 seems like the most distinctive and memorable number that could serve as a natural coordination point.\n\n<choice>25</choice>"", 'extracted_choice': 25}, {'role': 'player2', 'full_response': '<choice>47</choice>', 'extracted_choice': 47}]"
success,,player1_anthropic-claude-3.5-sonnet_player2_openai-gpt-4o-2024-08-06_19,"[7, 24, 21, 72, 31]",anthropic/claude-3.5-sonnet,openai/gpt-4o-2024-08-06,7,7,1,"[{'role': 'player1', 'full_response': ""Let me think about this strategically. Since both players want to coordinate and see the same list, we should focus on what makes a number stand out.\n\nLooking at the numbers [7, 24, 21, 72, 31]:\n- 7 stands out as the smallest and only single-digit number\n- 72 is notable as it's the largest number\n- 24 and 21 are similar two-digit numbers starting with 2\n- 31 doesn't have any particularly distinctive features\n\nAmong these, 7 seems most focal because:\n1. It's uniquely simple and small\n2. It's a culturally significant number in many contexts\n3. It's visually distinct from the other options\n4. It's the first number in the list\n\n<choice>7</choice>"", 'extracted_choice': 7}, {'role': 'player2', 'full_response': '<choice>7</choice>', 'extracted_choice': 7}]"
success,,player1_anthropic-claude-3.5-sonnet_player2_openai-gpt-4o-2024-08-06_20,"[19, 28, 90, 97, 2]",anthropic/claude-3.5-sonnet,openai/gpt-4o-2024-08-06,2,19,0,"[{'role': 'player1', 'full_response': ""Let me think about which number would be most salient for coordination.\n\nLooking at the list [19, 28, 90, 97, 2], I want to pick a number that would naturally stand out to both players. A few key considerations:\n\n1. Position: First or last numbers are naturally salient\n2. Magnitude: Notably high/low numbers or round numbers tend to be focal\n3. Pattern recognition: Numbers with special properties might be focal\n\nIn this case, I notice that:\n- 2 is both the smallest number and the last in the list\n- 90 is the only round number that's a multiple of 10\n- The other numbers (19, 28, 97) don't have particularly distinctive properties\n\nBetween these options, I think 2 is the most focal point - it's the smallest by far, easiest to process, and in the attention-getting final position.\n\n<choice>2</choice>"", 'extracted_choice': 2}, {'role': 'player2', 'full_response': '<choice>19</choice>', 'extracted_choice': 19}]"
success,,player1_anthropic-claude-3.5-sonnet_player2_openai-gpt-4o-2024-08-06_21,"[100, 86, 83, 52, 66]",anthropic/claude-3.5-sonnet,openai/gpt-4o-2024-08-06,100,100,1,"[{'role': 'player1', 'full_response': ""Let me think about this strategically. Since coordination is the goal, I need to pick a number that would be most naturally focal or salient to both players.\n\nLooking at the numbers [100, 86, 83, 52, 66], I notice that 100 stands out for several reasons:\n1. It's the largest number\n2. It's a round number\n3. It's at the start of the list\n4. It's a psychologically significant number (100%)\n\nSince both players see these same numbers in the same order and are likely using similar reasoning processes, 100 seems like the most natural focal point for coordination.\n\n<choice>100</choice>"", 'extracted_choice': 100}, {'role': 'player2', 'full_response': '<choice>100</choice>', 'extracted_choice': 100}]"
success,,player1_anthropic-claude-3.5-sonnet_player2_openai-gpt-4o-2024-08-06_22,"[57, 79, 27, 48, 62]",anthropic/claude-3.5-sonnet,openai/gpt-4o-2024-08-06,27,57,0,"[{'role': 'player1', 'full_response': ""Let me think about this strategically. As a coordination game, I need to pick the number that I think would be most salient or focal to both players.\n\nLooking at the numbers [57, 79, 27, 48, 62], I notice:\n- 27 is notable for being the smallest number\n- 27 is also a perfect cube (3³)\n- The other numbers don't have particularly special mathematical properties\n- 27 appears in a distinctive position (third in the list)\n\nGiven that both players see these numbers in the same order and are trying to coordinate, I think 27 stands out as the most focal choice. It has multiple distinguishing features that make it memorable and noticeable.\n\n<choice>27</choice>"", 'extracted_choice': 27}, {'role': 'player2', 'full_response': '<choice>57</choice>', 'extracted_choice': 57}]"
success,,player1_anthropic-claude-3.5-sonnet_player2_openai-gpt-4o-2024-08-06_23,"[86, 20, 10, 42, 98]",anthropic/claude-3.5-sonnet,openai/gpt-4o-2024-08-06,42,42,1,"[{'role': 'player1', 'full_response': 'Let me think about this strategically. I need to pick a number that would be most salient or focal for both myself and the other AI player.\n\nAmong these numbers [86, 20, 10, 42, 98], 42 stands out as particularly notable because:\n1. It\'s a culturally significant number (famous as ""the answer to life, the universe, and everything"" from The Hitchhiker\'s Guide to the Galaxy)\n2. It\'s widely known in computing and tech culture\n3. As an AI, both myself and the other player would likely be familiar with this reference\n4. It has special significance in geek/tech culture, which is relevant given we\'re both AIs\n\n<choice>42</choice>', 'extracted_choice': 42}, {'role': 'player2', 'full_response': '<choice>42</choice>', 'extracted_choice': 42}]"
success,,player1_anthropic-claude-3.5-sonnet_player2_openai-gpt-4o-2024-08-06_24,"[42, 7, 96, 95, 55]",anthropic/claude-3.5-sonnet,openai/gpt-4o-2024-08-06,42,42,1,"[{'role': 'player1', 'full_response': 'Let me think about this strategically. I need to pick a number that would be naturally salient to both me and the other AI player.\n\n42 stands out as a particularly focal number for several reasons:\n1. It appears first in the list\n2. It\'s a culturally significant number (famous as ""the answer to life, the universe, and everything"" from The Hitchhiker\'s Guide to the Galaxy)\n3. It\'s likely to be familiar to AI models given its prominence in tech culture\n4. The other numbers (7, 96, 95, 55) don\'t have as strong distinguishing characteristics\n\nGiven these factors, I believe 42 would be the most obvious focal point for coordination.\n\n<choice>42</choice>', 'extracted_choice': 42}, {'role': 'player2', 'full_response': '<choice>42</choice>', 'extracted_choice': 42}]"
success,,player1_anthropic-claude-3.5-sonnet_player2_anthropic-claude-3.5-sonnet_0,"[92, 5, 95, 78, 33]",anthropic/claude-3.5-sonnet,anthropic/claude-3.5-sonnet,5,5,1,"[{'role': 'player1', 'full_response': ""Let me think about this strategically. Since both players want to coordinate, we need to identify the most focal number that would naturally stand out to both of us.\n\nLooking at the numbers [92, 5, 95, 78, 33]:\n- 5 stands out as the simplest, smallest number\n- It's the only single-digit number\n- It's a common, basic number that's easy to remember\n- Its uniqueness in the set makes it highly salient\n\nEven if the other player is a different model, they would likely also recognize 5 as the most distinctive number in this set. The other numbers are all two digits and don't have particularly special mathematical properties that would make them focal points.\n\n<choice>5</choice>"", 'extracted_choice': 5}, {'role': 'player2', 'full_response': 'Let me think about this strategically. As both players want to coordinate, we need to focus on what makes a number stand out as a natural focal point.\n\nLooking at the numbers [92, 5, 95, 78, 33]:\n- 5 stands out as the smallest number and the only single-digit number\n- 95 is the largest number\n- 5 is notably simpler than all other numbers\n\nIn coordination games like this, simplicity and distinctiveness are powerful focal points. A single-digit number is much more cognitively ""simple"" than two-digit numbers, making it a natural point of coordination. Since both players will see this same distinctive characteristic, 5 seems like the most salient choice.\n\n<choice>5</choice>', 'extracted_choice': 5}]"
success,,player1_anthropic-claude-3.5-sonnet_player2_anthropic-claude-3.5-sonnet_1,"[50, 14, 69, 29, 86]",anthropic/claude-3.5-sonnet,anthropic/claude-3.5-sonnet,50,50,1,"[{'role': 'player1', 'full_response': ""Let me think about this strategically. I need to choose a number that would be most salient to both myself and another AI player.\n\nLooking at the numbers [50, 14, 69, 29, 86], I want to identify what makes one number stand out:\n\n- 50 is notable for being half of 100 and a round number\n- The other numbers don't have obvious mathematical significance\n- 69 might be salient due to its cultural significance and pattern\n- The numbers appear in a specific order, with 50 being first\n- First items in lists can often serve as focal points\n\nGiven that I'm explicitly an instance of Claude 3.5, and the other player might be the same model, the most logical focal point would be the first number in the list, which is also a notable round number.\n\n<choice>50</choice>"", 'extracted_choice': 50}, {'role': 'player2', 'full_response': ""Let me think about this strategically. I need to pick a number that would be naturally focal or salient to both players.\n\nLooking at the numbers [50, 14, 69, 29, 86], I notice that:\n- 50 is a round number and sits in the middle of common number ranges (0-100)\n- The other numbers don't have obvious mathematical or cultural significance\n- 50 is also the first number in the list, making it positionally salient\n\nSince both players see these numbers in the same order and are trying to coordinate, 50 seems like the most natural focal point. It's both mathematically significant and positionally prominent.\n\n<choice>50</choice>"", 'extracted_choice': 50}]"
success,,player1_anthropic-claude-3.5-sonnet_player2_anthropic-claude-3.5-sonnet_2,"[4, 22, 12, 85, 93]",anthropic/claude-3.5-sonnet,anthropic/claude-3.5-sonnet,4,12,0,"[{'role': 'player1', 'full_response': ""Let me think about this strategically. I need to choose a number that would be naturally focal or salient to both players.\n\nGiven that we're both seeing the same list [4, 22, 12, 85, 93], I need to identify what might make one number stand out:\n\n1. First or last position (4 or 93)\n2. Middle position (12)\n3. Smallest or largest (4 or 93)\n4. Mathematical properties (like being first even number)\n\nIn this case, I think 4 is the most focal number because:\n- It's the first number in the list\n- It's the smallest number\n- It's a very common, simple number that people generally find easy to work with\n- Its position and properties make it immediately noticeable\n\n<choice>4</choice>"", 'extracted_choice': 4}, {'role': 'player2', 'full_response': 'Let me think about this strategically. I need to pick a number that would be most salient or focal to both players.\n\nSince both players see the same ordered list [4, 22, 12, 85, 93], there are a few potential focal points:\n- First number (4)\n- Middle number (12)\n- Smallest number (4)\n- Largest number (93)\n\nThe middle number is often a natural focal point in coordination games, as it\'s structurally distinct in being the center of the list. Additionally, 12 is a relatively ""round"" and common number compared to most others in the list.\n\n<choice>12</choice>', 'extracted_choice': 12}]"
success,,player1_anthropic-claude-3.5-sonnet_player2_anthropic-claude-3.5-sonnet_3,"[0, 17, 84, 89, 46]",anthropic/claude-3.5-sonnet,anthropic/claude-3.5-sonnet,0,0,1,"[{'role': 'player1', 'full_response': ""Let me think about this strategically. In a coordination game, I want to pick the number that would be most salient or focal to both players.\n\nLooking at the list [0, 17, 84, 89, 46], there are a few potential focal points:\n- 0 is notable for being zero/the smallest number\n- 17 appears early in the list\n- 84 and 89 are larger numbers\n- 46 is roughly in the middle of the range\n\nAmong these, I think 0 is the most naturally salient option - it's a special number mathematically, it appears first in the list, and it's the simplest/most memorable choice. Both I and another AI would likely recognize these properties.\n\n<choice>0</choice>"", 'extracted_choice': 0}, {'role': 'player2', 'full_response': ""Let me think about this strategically. Since both players want to coordinate, we need to focus on what number would be most salient to both of us.\n\nLooking at the numbers [0, 17, 84, 89, 46], a few potential focal points stand out:\n- 0 is mathematically significant and stands out as the only single-digit number\n- 84 is in the middle position of the list\n- 46 is closest to 50 (half of 100)\n\nAmong these, I believe 0 is the most salient choice because:\n1. It's a uniquely significant number in mathematics\n2. It's visually distinct from the others\n3. It's the first number in the list\n4. It's the simplest number to conceptualize\n\n<choice>0</choice>"", 'extracted_choice': 0}]"
success,,player1_anthropic-claude-3.5-sonnet_player2_anthropic-claude-3.5-sonnet_4,"[74, 85, 59, 42, 95]",anthropic/claude-3.5-sonnet,anthropic/claude-3.5-sonnet,59,42,0,"[{'role': 'player1', 'full_response': ""Let me think about which number would be most salient to both players.\n\nAs we both see the same list in the same order, the most natural focal points could be:\n1. The first number (74)\n2. The middle number (59)\n3. The last number (95)\n4. The smallest number (42)\n5. The largest number (95)\n\nAmong these, I think the middle number (59) is particularly salient as a focal point since:\n- It's literally in the middle of the list\n- Being in the central position makes it naturally stand out\n- Both players can easily identify this as a unique position\n\nTherefore, I will choose:\n\n<choice>59</choice>"", 'extracted_choice': 59}, {'role': 'player2', 'full_response': 'Let me think about what number would be most salient to both players...\n\nAs an AI model, I want to pick the number that would stand out most to both players looking at this list. Looking at [74, 85, 59, 42, 95], the number 42 immediately catches my attention because:\n\n1. It\'s a culturally significant number (known as ""the answer to life, the universe, and everything"" from The Hitchhiker\'s Guide to the Galaxy)\n2. It\'s the only two-digit number in the list that\'s less than 50\n3. It stands out visually from the other numbers which are mostly in the 70s-90s range\n\nGiven that other AI models are likely to be trained on similar data and might recognize the cultural significance of 42, this seems like the most focal choice for coordination.\n\n<choice>42</choice>', 'extracted_choice': 42}]"
success,,player1_anthropic-claude-3.5-sonnet_player2_anthropic-claude-3.5-sonnet_5,"[22, 77, 67, 8, 35]",anthropic/claude-3.5-sonnet,anthropic/claude-3.5-sonnet,77,77,1,"[{'role': 'player1', 'full_response': 'Let me think strategically about this. Since both players want to coordinate and see the same list, I need to pick the number that seems most salient and noticeable.\n\nLooking at [22, 77, 67, 8, 35]:\n- 77 stands out as it\'s the largest number\n- 8 stands out as it\'s the smallest and only single-digit number\n- 77 has the notable property of being a repeated digit\n- The numbers appear in no particular order\n\nAmong these, I believe 77 is the most focal point - it\'s the largest, has repeating digits which makes it more memorable, and is typically considered a ""lucky"" number in some contexts. Another AI is likely to notice these same distinguishing characteristics.\n\n<choice>77</choice>', 'extracted_choice': 77}, {'role': 'player2', 'full_response': ""Let me think about this strategically. Since both players see the same list and want to coordinate, we should look for the most salient or focal number that would naturally stand out to both players.\n\nLooking at [22, 77, 67, 8, 35], I notice:\n- 77 stands out as it's the largest number\n- 8 stands out as it's the smallest and only single-digit number\n- 77 has the notable property of being a double digit with repeating numbers\n\nGiven that 77 has multiple salient properties (largest number and repeating digits), it seems like the most natural focal point for coordination.\n\n<choice>77</choice>"", 'extracted_choice': 77}]"
success,,player1_anthropic-claude-3.5-sonnet_player2_anthropic-claude-3.5-sonnet_6,"[67, 26, 87, 20, 47]",anthropic/claude-3.5-sonnet,anthropic/claude-3.5-sonnet,87,20,0,"[{'role': 'player1', 'full_response': 'Let me think about this strategically. Since both players see the same list and need to coordinate without communication, I should focus on what number stands out the most and would be naturally focal to both players.\n\nLooking at the numbers [67, 26, 87, 20, 47], I notice that:\n1. 87 is the largest number\n2. 20 is the smallest ""round"" number\n3. All other numbers are less distinctive\n\nSince the first and middle elements in lists are often naturally salient, and 87 is both the largest number and stands out visually, I think it\'s most likely to be chosen by both players.\n\n<choice>87</choice>', 'extracted_choice': 87}, {'role': 'player2', 'full_response': 'Let me think about this strategically. Since both players see the same list and want to coordinate, we should look for a number that stands out in some way and would be naturally focal to both players.\n\nLooking at the list [67, 26, 87, 20, 47], I notice:\n- 87 is the largest number\n- 20 is the smallest number and the only one ending in 0\n- 20 is also notably ""rounder"" than the other numbers\n\nAmong these features, I believe the roundness and distinctiveness of 20 makes it the most salient choice. It\'s the easiest to remember and stands out from the other more ""random-looking"" numbers.\n\n<choice>20</choice>', 'extracted_choice': 20}]"
success,,player1_anthropic-claude-3.5-sonnet_player2_anthropic-claude-3.5-sonnet_7,"[24, 43, 95, 80, 73]",anthropic/claude-3.5-sonnet,anthropic/claude-3.5-sonnet,24,95,0,"[{'role': 'player1', 'full_response': 'Let me think about this strategically. I want to pick a number that would be naturally salient to both players.\n\nAmong these numbers [24, 43, 95, 80, 73], a few things stand out:\n1. 95 is the highest number\n2. 24 is the lowest number\n3. 80 could be seen as a ""round"" number\n\nGiven that both players see the exact same list in the same order, the first number (24) or the highest number (95) might be most focal. Since the numbers are presented in a list, I believe the first position has special salience and would be a natural coordination point.\n\n<choice>24</choice>', 'extracted_choice': 24}, {'role': 'player2', 'full_response': ""Let me think about which number would be most salient to both players.\n\nSince we both see the same list in the same order, position could be important. The middle number (95) might be focal as it's centrally located. However, I don't think that's the strongest focal point here.\n\nLooking at the numbers themselves: 24, 43, 95, 80, 73\n- 95 stands out as the largest number\n- 24 is the smallest\n- None form obvious patterns\n- 95 also stands out by being close to 100, a round number\n\nGiven that 95 is both the middle number AND the largest number AND close to 100, it seems like the most salient choice that another player would also be drawn to.\n\n<choice>95</choice>"", 'extracted_choice': 95}]"
success,,player1_anthropic-claude-3.5-sonnet_player2_anthropic-claude-3.5-sonnet_8,"[12, 10, 52, 18, 89]",anthropic/claude-3.5-sonnet,anthropic/claude-3.5-sonnet,10,10,1,"[{'role': 'player1', 'full_response': ""Let me think strategically about this. Since both players want to coordinate and see the same list, I should focus on what makes a number stand out or seem focal.\n\nLooking at the numbers [12, 10, 52, 18, 89]:\n- 10 stands out as a round number\n- 89 stands out as the largest number\n- 52 is in the middle position\n- None are particularly special numbers culturally\n\nAmong these, I think 10 is most likely to be focal since:\n1. It's the simplest/most round number\n2. It's easy to remember\n3. It's often used as a reference point (base-10 system)\n4. It appears early in the list but not first\n\n<choice>10</choice>"", 'extracted_choice': 10}, {'role': 'player2', 'full_response': 'Let me think about this strategically. Since both players need to coordinate without communication, we should look for the most salient or focal number that would naturally stand out.\n\nLooking at the numbers [12, 10, 52, 18, 89], I notice:\n- 10 is the most ""round"" number\n- 89 is the largest\n- 52 is roughly in the middle\n- 12 is first in the list\n\nIn coordination games like this, players often gravitate toward numbers that are psychologically prominent. The number 10 stands out as particularly salient since it\'s:\n1. The most round/clean number\n2. A commonly used base number in our decimal system\n3. Easy to spot and remember\n\nTherefore, I believe it\'s the most likely focal point for coordination.\n\n<choice>10</choice>', 'extracted_choice': 10}]"
success,,player1_anthropic-claude-3.5-sonnet_player2_anthropic-claude-3.5-sonnet_9,"[52, 99, 85, 4, 34]",anthropic/claude-3.5-sonnet,anthropic/claude-3.5-sonnet,4,85,0,"[{'role': 'player1', 'full_response': ""Let me think about this strategically. I want to pick a number that would be naturally salient to both players.\n\nLooking at the numbers [52, 99, 85, 4, 34], a few potential focal points stand out:\n- 99 is close to 100, making it notable\n- 4 stands out as being much smaller than the others\n- 85 is somewhat round (divisible by 5)\n\nGiven that I'm explicitly identified as Claude 3.5 and the other player might be the same model, I want to consider what would stand out to an AI system specifically, while also being generally salient to any player.\n\nThe number 4 seems most focal because:\n1. It's dramatically different from the others (much smaller)\n2. It's a simple, familiar number that appears early in counting\n3. It's positioned uniquely in the list\n4. It's mathematically interesting (square number)\n\n<choice>4</choice>"", 'extracted_choice': 4}, {'role': 'player2', 'full_response': ""Let me think about this strategically. Since both players need to coordinate on the same number without communication, I should pick the most salient or focal number from the list.\n\nThe middle number in a sequence is often psychologically salient as a focal point. From [52, 99, 85, 4, 34], 85 is in the middle position.\n\nAdditionally, 99 stands out as it's close to 100, which is a notable reference point.\n\nHowever, I believe the middle position is the strongest focal point in this case, as it's an unambiguous way to coordinate that both players can easily identify.\n\n<choice>85</choice>"", 'extracted_choice': 85}]"
success,,player1_anthropic-claude-3.5-sonnet_player2_anthropic-claude-3.5-sonnet_10,"[19, 29, 78, 18, 82]",anthropic/claude-3.5-sonnet,anthropic/claude-3.5-sonnet,78,78,1,"[{'role': 'player1', 'full_response': ""Let me think about this strategically. I need to pick the number that would be most naturally focal or salient to both players.\n\nLooking at the numbers [19, 29, 78, 18, 82], I'm considering:\n1. The middle number (78) could be focal since it's in the center position\n2. The smallest (18) or largest (82) numbers might stand out\n3. Any patterns/relationships between numbers that could be salient\n\nIn this case, 78 seems like the most natural focal point because:\n- It's in the middle position of the list\n- It's noticeably larger than most other numbers except 82\n- Being in the center makes it a natural point of focus for coordination\n\n<choice>78</choice>"", 'extracted_choice': 78}, {'role': 'player2', 'full_response': 'Let me think about this strategically. Since both players want to coordinate, we need to find a number that would naturally stand out to both players.\n\nLooking at the numbers [19, 29, 78, 18, 82], I notice that:\n1. 78 is near the middle of the list\n2. 78 is the only number in the 70s\n3. All other numbers are either in the teens, 20s, or 80s\n4. 78 stands out visually from the pattern of other numbers\n\nGiven that both players will be looking for a focal point and 78 has several distinguishing features that make it salient, I think this is the best choice for coordination.\n\n<choice>78</choice>', 'extracted_choice': 78}]"
success,,player1_anthropic-claude-3.5-sonnet_player2_anthropic-claude-3.5-sonnet_11,"[34, 65, 19, 86, 39]",anthropic/claude-3.5-sonnet,anthropic/claude-3.5-sonnet,19,19,1,"[{'role': 'player1', 'full_response': 'Let me think about this strategically. I need to pick a number that would be naturally salient or focal to both me and the other AI player.\n\nLooking at the numbers [34, 65, 19, 86, 39], I notice:\n- 19 is the smallest number\n- 86 is the largest number\n- 19 is also the only number under 20\n\nAmong these, 19 stands out the most as it\'s both the smallest and the only ""teens"" number. This uniqueness makes it a natural focal point that both players might gravitate towards.\n\n<choice>19</choice>', 'extracted_choice': 19}, {'role': 'player2', 'full_response': ""Let me think about which number would be most salient to both players.\n\nLooking at the numbers [34, 65, 19, 86, 39], I need to consider what might stand out to both me and the other player. Since I know I'm Claude and the other player might be the same model, I should think about what would appear most focal from this list.\n\nAmong these numbers:\n- 19 is notably the smallest\n- 86 is the largest\n- 34 is first in the list\n- None are particularly round numbers\n- 19 is also the only number below 20\n\nThe first position (34) and extremes (19 and 86) are typically focal points in coordination games. Among these, 19 stands out as both the smallest number and the only one below 20, making it particularly distinctive.\n\n<choice>19</choice>"", 'extracted_choice': 19}]"
success,,player1_anthropic-claude-3.5-sonnet_player2_anthropic-claude-3.5-sonnet_12,"[2, 89, 48, 5, 26]",anthropic/claude-3.5-sonnet,anthropic/claude-3.5-sonnet,2,5,0,"[{'role': 'player1', 'full_response': ""Let me think about this strategically. I need to pick a number that would be naturally salient or focal to both players.\n\nLooking at the numbers [2, 89, 48, 5, 26]:\n- 2 and 5 are notable for being small single digits\n- 89 is the largest number\n- 48 and 26 are both even two-digit numbers\n\nAmong these, 2 stands out as particularly focal because:\n1. It's the first number in the list\n2. It's the smallest number\n3. It's a very basic, fundamental number that has special significance in many contexts\n\nI believe another AI would likely follow similar reasoning and recognize 2 as the most salient choice.\n\n<choice>2</choice>"", 'extracted_choice': 2}, {'role': 'player2', 'full_response': ""Let me think about this carefully. I need to pick a number that would be most salient to both players given we have the same information.\n\nLooking at the list [2, 89, 48, 5, 26], there are a few potential focal points:\n- 2 is the smallest number\n- 89 is the largest number\n- 5 is the only single-digit number besides 2\n\nGiven that the goal is coordination, I want to choose something that would stand out to both players. While 89 being the largest is notable, I think 5 is particularly salient because:\n1. It's distinctively short/simple compared to most others\n2. 5 is a common anchor number in human thinking\n3. It visually stands out in the list due to being single-digit\n\n<choice>5</choice>"", 'extracted_choice': 5}]"
success,,player1_anthropic-claude-3.5-sonnet_player2_anthropic-claude-3.5-sonnet_13,"[30, 62, 34, 14, 1]",anthropic/claude-3.5-sonnet,anthropic/claude-3.5-sonnet,1,1,1,"[{'role': 'player1', 'full_response': ""Let me think through this strategically. Since both players see the same list and want to coordinate, we should look for the most salient or focal number that would naturally draw attention.\n\nLooking at the numbers [30, 62, 34, 14, 1], a few potential focal points stand out:\n- 1 is mathematically special as the first natural number\n- 14 could be seen as half of 28\n- 30 is a round number divisible by many factors\n- 34 and 62 don't have particularly distinctive properties\n\nAmong these, I think 1 is the most universally salient choice. It's:\n- The smallest number\n- The first natural number\n- Highly distinctive in the set\n- A common focal point in coordination games\n\n<choice>1</choice>"", 'extracted_choice': 1}, {'role': 'player2', 'full_response': ""Let me think through this strategically. Since both players want to coordinate and see the same list, we should look for the most salient or focal number that would naturally stand out to both players.\n\nLooking at the list [30, 62, 34, 14, 1], a few possibilities stand out:\n- 1 is mathematically special as the first natural number\n- 14 is the lowest non-1 number\n- 62 is the highest number\n\nAmong these, 1 seems most focal - it's mathematically unique, stands out visually at the end of the list, and is universally recognized as special. Another AI model would likely recognize these same properties.\n\n<choice>1</choice>"", 'extracted_choice': 1}]"
success,,player1_anthropic-claude-3.5-sonnet_player2_anthropic-claude-3.5-sonnet_14,"[91, 14, 35, 31, 19]",anthropic/claude-3.5-sonnet,anthropic/claude-3.5-sonnet,35,35,1,"[{'role': 'player1', 'full_response': ""Let me think about this strategically. I want to pick a number that would be most salient or focal for both players.\n\nSince both players see the list [91, 14, 35, 31, 19] in the same order, position effects could be important. The first number (91) and middle number (35) are natural focal points.\n\nAmong these numbers:\n- 91 stands out as the largest by far\n- 35 is in the middle position\n- 14 is the smallest\n- None of the numbers have obvious mathematical or cultural significance\n\nThe middle position (35) seems like it could be a natural coordination point since it's physically central in the list and both players would see it this way. The first number (91) is also quite salient since it's both first and notably larger than the others.\n\nBetween these two main focal points, I think the middle position is slightly more compelling as a coordination point.\n\n<choice>35</choice>"", 'extracted_choice': 35}, {'role': 'player2', 'full_response': ""Let me think strategically about this. Since both players need to coordinate and see the same options, I should focus on what number would be most salient or focal to both of us.\n\nLooking at the numbers [91, 14, 35, 31, 19], I notice:\n- 91 is notably larger than the others\n- 35 is in the middle position\n- 14 is the smallest\n- No clear mathematical patterns\n- Position could be meaningful\n\nThe middle number 35 stands out as a natural focal point - it's centrally positioned in the list and could serve as a natural coordination point that both players might gravitate toward.\n\n<choice>35</choice>"", 'extracted_choice': 35}]"
success,,player1_anthropic-claude-3.5-sonnet_player2_anthropic-claude-3.5-sonnet_15,"[26, 85, 4, 87, 66]",anthropic/claude-3.5-sonnet,anthropic/claude-3.5-sonnet,4,4,1,"[{'role': 'player1', 'full_response': ""Let me think about this strategically. As both players want to coordinate, we need to choose a number that stands out and would be naturally focal to both AIs.\n\nLooking at the numbers [26, 85, 4, 87, 66], I notice that 4 is distinctive because:\n1. It's the smallest number by far\n2. It's the only single-digit number\n3. It's in a notable position (third in the list)\n4. It's a very basic, memorable number\n\nThese qualities make 4 the most salient choice that would likely catch both players' attention. The other numbers are all two-digit numbers without particularly special properties that would make them focal points.\n\n<choice>4</choice>"", 'extracted_choice': 4}, {'role': 'player2', 'full_response': ""Let me think about this strategically. Since both players see the same list and want to coordinate, I should pick the number that stands out and would be naturally focal to both players.\n\nLooking at the numbers [26, 85, 4, 87, 66], I notice that 4 stands out significantly:\n- It's the only single-digit number\n- It's the smallest number by far\n- It's a very common/familiar number in many contexts\n- Its uniqueness makes it highly salient\n\nThese properties make 4 the most focal point in this set, which means it's likely to catch both players' attention and be recognized as an obvious coordination point.\n\n<choice>4</choice>"", 'extracted_choice': 4}]"
success,,player1_anthropic-claude-3.5-sonnet_player2_anthropic-claude-3.5-sonnet_16,"[18, 29, 87, 21, 16]",anthropic/claude-3.5-sonnet,anthropic/claude-3.5-sonnet,87,87,1,"[{'role': 'player1', 'full_response': ""Let me think about which number would be most salient and focal for coordination.\n\nLooking at the numbers [18, 29, 87, 21, 16]:\n- 87 stands out as it's significantly larger than the others\n- 16 and 18 are relatively close to each other\n- 21 and 29 are in the 20s range\n- 87 is also the only number in the 80s\n\nSince 87 is the most distinctive number in the list (being much larger than the others and the only one in the 80s), it seems like the most natural focal point for coordination. Both I and the other AI would likely notice this distinguishing characteristic.\n\n<choice>87</choice>"", 'extracted_choice': 87}, {'role': 'player2', 'full_response': 'Let me think about this strategically. As a coordination game, I need to pick the number that would be most salient or focal to both players.\n\nLooking at the numbers [18, 29, 87, 21, 16], I notice:\n- 87 stands out as the largest number by a significant margin\n- 16 is the smallest number\n- None are particularly ""round"" numbers\n- 87 is also the middle number in the list\n\nSince 87 stands out in multiple ways (largest number, middle position), it seems like the most natural focal point that another player would also identify.\n\n<choice>87</choice>', 'extracted_choice': 87}]"
success,,player1_anthropic-claude-3.5-sonnet_player2_anthropic-claude-3.5-sonnet_17,"[55, 86, 90, 56, 32]",anthropic/claude-3.5-sonnet,anthropic/claude-3.5-sonnet,90,55,0,"[{'role': 'player1', 'full_response': 'Let me think about this strategically. Since both players see the same list and want to coordinate, we should look for the most salient or focal number that would naturally stand out to both of us.\n\nLooking at the numbers [55, 86, 90, 56, 32]:\n- 90 stands out as the largest number\n- 32 stands out as the smallest number\n- 90 is also notable for being a round number\n- 55 might be salient as it\'s double digits with repeated numbers\n\nAmong these, 90 seems most focal because:\n1. It\'s the largest number\n2. It\'s a round number (divisible by 10)\n3. It\'s positioned near the middle of the list\n4. It\'s the most ""clean"" or mathematically simple number\n\n<choice>90</choice>', 'extracted_choice': 90}, {'role': 'player2', 'full_response': ""Let me think about this strategically. When coordinating without communication, players typically look for focal points or salient options that would naturally stand out to both parties.\n\nLooking at the numbers [55, 86, 90, 56, 32], I notice:\n- 90 is the largest number\n- 32 is the smallest number \n- 55 is first in the list\n- 56 follows 55 sequentially\n- Most numbers are in the 50s-90s range\n\nThe most salient features here seem to be:\n1. Position (first number)\n2. Magnitude (largest/smallest)\n\nBetween these, I think the first position is most likely to be focal since it's the first number both players see and requires no comparison. Additionally, 55 is a round-ish number that's relatively memorable.\n\n<choice>55</choice>"", 'extracted_choice': 55}]"
success,,player1_anthropic-claude-3.5-sonnet_player2_anthropic-claude-3.5-sonnet_18,"[33, 51, 12, 9, 17]",anthropic/claude-3.5-sonnet,anthropic/claude-3.5-sonnet,9,9,1,"[{'role': 'player1', 'full_response': ""Let me think about this strategically. I need to choose the number that would be most salient to both players, considering we both see the same list.\n\nWhen looking at the numbers [33, 51, 12, 9, 17], a few potential focal points emerge:\n1. 9 is the smallest number\n2. 51 is the largest number\n3. 12 might stand out as it's one of the most common numbers in everyday life (dozen, months, hours)\n4. 33 is a repeating digit\n\nAmong these, I think 9 is most salient because:\n- It's the smallest number\n- It's a perfect square (3×3)\n- It's visually distinctive in the list\n- It's a single digit among double-digit numbers\n\n<choice>9</choice>"", 'extracted_choice': 9}, {'role': 'player2', 'full_response': ""Let me think about this strategically. I need to pick the number that would be most naturally focal or salient to both players.\n\nLooking at the numbers [33, 51, 12, 9, 17], I'm considering:\n- Position (first/middle/last)\n- Numerical properties (smallest/largest)\n- Mathematical relationships\n- Psychological appeal\n\nThe number 9 stands out because:\n1. It's the smallest number\n2. It's a perfect square (3x3)\n3. It's a single digit number, making it more psychologically simple\n4. It's a culturally significant number in many contexts\n\nThese properties make it likely to be noticed and chosen by another player also trying to coordinate.\n\n<choice>9</choice>"", 'extracted_choice': 9}]"
success,,player1_anthropic-claude-3.5-sonnet_player2_anthropic-claude-3.5-sonnet_19,"[42, 35, 31, 92, 98]",anthropic/claude-3.5-sonnet,anthropic/claude-3.5-sonnet,42,42,1,"[{'role': 'player1', 'full_response': 'Let me think about which number would be most salient to both players.\n\nLooking at the list [42, 35, 31, 92, 98], I want to find something distinctive that would naturally draw attention for both AIs.\n\n42 stands out as a culturally significant number - it\'s known as ""the answer to life, the universe, and everything"" from The Hitchhiker\'s Guide to the Galaxy. This makes it uniquely memorable and salient compared to the other relatively arbitrary numbers. As language models trained on internet data, both players are likely to recognize this cultural significance.\n\nAdditionally, 42 is the first number in the list, which gives it extra prominence.\n\n<choice>42</choice>', 'extracted_choice': 42}, {'role': 'player2', 'full_response': 'Let me think about this strategically. As a coordination game, I need to pick the number that would be most salient or focal to both players.\n\nAmong these numbers [42, 35, 31, 92, 98], 42 stands out as particularly significant because:\n1. It\'s the first number in the list, making it naturally prominent\n2. It\'s a culturally significant number (known as ""the answer to life, the universe, and everything"" from The Hitchhiker\'s Guide to the Galaxy)\n3. It\'s a number that\'s widely recognized and memorable\n\nGiven these factors, especially its cultural significance and position in the list, 42 seems like the most natural focal point for coordination.\n\n<choice>42</choice>', 'extracted_choice': 42}]"
success,,player1_anthropic-claude-3.5-sonnet_player2_anthropic-claude-3.5-sonnet_20,"[0, 55, 87, 80, 32]",anthropic/claude-3.5-sonnet,anthropic/claude-3.5-sonnet,0,0,1,"[{'role': 'player1', 'full_response': ""Let me think through this carefully. Since I'm playing with another AI and we both see the same list, I want to pick the most salient or focal number that would naturally stand out to both of us.\n\nLooking at the list [0, 55, 87, 80, 32], I notice that 0 is particularly distinctive as:\n1. It's the first number in the list\n2. It's a unique and special number mathematically\n3. It's the simplest number in the list\n4. It's significantly different from all other options (which are all two-digit numbers)\n\nSince we both have the same information and goal, 0 seems like the most natural focal point for coordination.\n\n<choice>0</choice>"", 'extracted_choice': 0}, {'role': 'player2', 'full_response': ""Let me think about this strategically. Since both players need to coordinate without communication, we need to focus on what number would be most naturally salient to both players.\n\nIn this list [0, 55, 87, 80, 32], there are a few potential focal points:\n- 0 is mathematically significant as the smallest number and a unique value\n- Numbers don't seem to follow any clear pattern\n- No obvious cultural significance to these specific numbers\n\nIn this case, I think 0 stands out as the most salient choice since:\n1. It's unique as the only zero\n2. It's the first number in the list\n3. It's mathematically significant\n4. It's the simplest number to coordinate on\n\n<choice>0</choice>"", 'extracted_choice': 0}]"
success,,player1_anthropic-claude-3.5-sonnet_player2_anthropic-claude-3.5-sonnet_21,"[40, 58, 57, 90, 11]",anthropic/claude-3.5-sonnet,anthropic/claude-3.5-sonnet,90,11,0,"[{'role': 'player1', 'full_response': ""Let me think about the most salient number in this list that another AI model would likely choose.\n\nLooking at [40, 58, 57, 90, 11], I want to find focal points that would stand out to both players:\n- 90 is the largest number\n- 11 is the smallest number\n- 40 is a round number\n- 57 and 58 are consecutive numbers\n\nAmong these, I believe 90 is the most salient choice because:\n1. It's the largest number in the list\n2. It's a round number (divisible by 10)\n3. It stands out visually from the other numbers\n4. It's positioned distinctively in the list (not part of any pattern)\n\n<choice>90</choice>"", 'extracted_choice': 90}, {'role': 'player2', 'full_response': 'Let me think about this strategically. I need to pick a number that would be most salient to both players.\n\nLooking at the numbers [40, 58, 57, 90, 11], I need to identify what might stand out:\n- 11 is notably smaller than the others\n- 90 is notably larger than the others\n- 57 and 58 are consecutive numbers\n- 40 is a ""round"" number\n\nGiven that both players are seeing the exact same list in the same order, the most distinctive number is likely to be 11. It stands out by being significantly smaller than all other options and being at the end of the list. These features make it highly salient and memorable.\n\n<choice>11</choice>', 'extracted_choice': 11}]"
success,,player1_anthropic-claude-3.5-sonnet_player2_anthropic-claude-3.5-sonnet_22,"[70, 51, 64, 80, 2]",anthropic/claude-3.5-sonnet,anthropic/claude-3.5-sonnet,2,2,1,"[{'role': 'player1', 'full_response': ""Let me think about which number would be most salient to both players.\n\nLooking at the list [70, 51, 64, 80, 2], I want to find a number that stands out and would naturally draw attention from both players.\n\nThe number 2 immediately stands out as unique because:\n1. It's significantly smaller than all other numbers\n2. It's a very simple, fundamental number\n3. It's at the end of the list\n4. It's the only single-digit number\n\nThis makes 2 the most distinctive and focal number in the list, making it the most likely choice for coordination.\n\n<choice>2</choice>"", 'extracted_choice': 2}, {'role': 'player2', 'full_response': ""Let me think about this strategically. I need to pick a number that would be naturally focal or salient to both players.\n\nGiven we're both AI language models and see the same list [70, 51, 64, 80, 2], I should look for what stands out:\n\n- 2 is notably different as it's the only single-digit number\n- 80 is the largest number\n- Numbers like 51, 64, 70 are less distinctive\n\nSince 2 is such a clear outlier in the list and humans/AI would likely notice its uniqueness, it seems like the most focal choice. The extreme difference from other numbers makes it a natural coordination point.\n\n<choice>2</choice>"", 'extracted_choice': 2}]"
success,,player1_anthropic-claude-3.5-sonnet_player2_anthropic-claude-3.5-sonnet_23,"[97, 30, 78, 36, 17]",anthropic/claude-3.5-sonnet,anthropic/claude-3.5-sonnet,78,97,0,"[{'role': 'player1', 'full_response': ""Let me think about the most salient number that another AI model would likely choose.\n\nLooking at the numbers [97, 30, 78, 36, 17], I need to consider what might stand out:\n- First or last position (97 or 17)\n- Middle position (78)\n- Patterns or special properties in the numbers\n\nIn this case, I think the middle number 78 would be most focal since:\n1. It's in the center position which is naturally salient\n2. Other position-based choices (first/last) compete with each other\n3. None of the numbers have particularly special mathematical properties that would make them uniquely focal\n\n<choice>78</choice>"", 'extracted_choice': 78}, {'role': 'player2', 'full_response': ""Let me think about this strategically. Since both players want to coordinate, we need to choose a number that would be naturally salient to both parties.\n\nLooking at the numbers [97, 30, 78, 36, 17], I notice:\n- 17 is the smallest number\n- 97 is the largest number\n- 78 is in the middle position of the list\n\nAmong these potential focal points, I think the first number (97) might be most salient because:\n1. It's in the first position, making it immediately noticeable\n2. It's the largest number, making it stand out\n3. First items in a list often serve as natural coordination points\n\n<choice>97</choice>"", 'extracted_choice': 97}]"
success,,player1_anthropic-claude-3.5-sonnet_player2_anthropic-claude-3.5-sonnet_24,"[40, 19, 10, 22, 9]",anthropic/claude-3.5-sonnet,anthropic/claude-3.5-sonnet,10,10,1,"[{'role': 'player1', 'full_response': ""Let me think through this strategically. I need to pick a number that would be naturally focal or salient to both players.\n\nLooking at the numbers [40, 19, 10, 22, 9], I notice:\n- 10 is a round number and stands out as particularly clean/simple\n- 40 is the largest number\n- 9 is the smallest number\n- There's no obvious pattern or sequence\n- No repeated numbers\n\nIn coordination games like this, players often gravitate toward:\n1. Round numbers\n2. Extreme values (highest/lowest)\n3. Numbers that are somehow special or memorable\n\nGiven these considerations, I believe 10 is the most salient choice because:\n- It's the only round number in the list\n- It's positioned in the middle of the list\n- It's a simple, clean number that's easy to remember\n- It's culturally significant as a base-10 number\n\n<choice>10</choice>"", 'extracted_choice': 10}, {'role': 'player2', 'full_response': ""Let me think about this strategically. I need to pick a number that would be naturally focal to both players.\n\nLooking at the numbers [40, 19, 10, 22, 9], I notice:\n- 10 stands out as a clean, round number\n- It's positioned in the middle of the list\n- It's easier to remember than the other options\n- It's a commonly referenced number in many contexts\n\nThese qualities make 10 likely to be psychologically salient to both players, making it a natural coordination point.\n\n<choice>10</choice>"", 'extracted_choice': 10}]"
